{
  "//": "This file was generated by the `vercel build` command. It is not part of the Build Output API.",
  "target": "preview",
  "argv": [
    "C:\\Program Files\\nodejs\\node.exe",
    "C:\\Users\\Richardbenedit\\pricedrop-api\\node_modules\\vercel\\dist\\vc.js",
    "build",
    "--debug"
  ],
  "builds": [
    {
      "require": "@vercel/node",
      "requirePath": "C:\\Users\\Richardbenedit\\pricedrop-api\\node_modules\\@vercel\\node\\dist\\index",
      "apiVersion": 3,
      "use": "@vercel/node",
      "src": "api/alerts/create.js",
      "config": {
        "zeroConfig": true
      }
    },
    {
      "require": "@vercel/node",
      "requirePath": "C:\\Users\\Richardbenedit\\pricedrop-api\\node_modules\\@vercel\\node\\dist\\index",
      "apiVersion": 3,
      "use": "@vercel/node",
      "src": "api/alerts/drops.js",
      "config": {
        "zeroConfig": true
      }
    },
    {
      "require": "@vercel/node",
      "requirePath": "C:\\Users\\Richardbenedit\\pricedrop-api\\node_modules\\@vercel\\node\\dist\\index",
      "apiVersion": 3,
      "use": "@vercel/node",
      "src": "api/cron/check-prices.js",
      "config": {
        "zeroConfig": true,
        "functions": {
          "api/cron/*.js": {
            "maxDuration": 60
          }
        }
      }
    },
    {
      "require": "@vercel/node",
      "requirePath": "C:\\Users\\Richardbenedit\\pricedrop-api\\node_modules\\@vercel\\node\\dist\\index",
      "apiVersion": 3,
      "use": "@vercel/node",
      "src": "api/cron/route.js",
      "config": {
        "zeroConfig": true,
        "functions": {
          "api/cron/*.js": {
            "maxDuration": 60
          }
        }
      }
    },
    {
      "require": "@vercel/node",
      "requirePath": "C:\\Users\\Richardbenedit\\pricedrop-api\\node_modules\\@vercel\\node\\dist\\index",
      "apiVersion": 3,
      "use": "@vercel/node",
      "src": "api/products/index.js",
      "config": {
        "zeroConfig": true
      }
    },
    {
      "require": "@vercel/node",
      "requirePath": "C:\\Users\\Richardbenedit\\pricedrop-api\\node_modules\\@vercel\\node\\dist\\index",
      "apiVersion": 3,
      "use": "@vercel/node",
      "src": "api/price/[id].js",
      "config": {
        "zeroConfig": true
      }
    },
    {
      "require": "@vercel/node",
      "requirePath": "C:\\Users\\Richardbenedit\\pricedrop-api\\node_modules\\@vercel\\node\\dist\\index",
      "apiVersion": 3,
      "use": "@vercel/node",
      "src": "api/products/[id].js",
      "config": {
        "zeroConfig": true
      }
    },
    {
      "require": "@vercel/node",
      "requirePath": "C:\\Users\\Richardbenedit\\pricedrop-api\\node_modules\\@vercel\\node\\dist\\index",
      "apiVersion": 3,
      "use": "@vercel/node",
      "src": "api/health.js",
      "config": {
        "zeroConfig": true,
        "functions": {
          "api/*.js": {
            "maxDuration": 10
          }
        }
      }
    },
    {
      "require": "@vercel/node",
      "requirePath": "C:\\Users\\Richardbenedit\\pricedrop-api\\node_modules\\@vercel\\node\\dist\\index",
      "apiVersion": 3,
      "use": "@vercel/node",
      "src": "api/test.js",
      "config": {
        "zeroConfig": true,
        "functions": {
          "api/*.js": {
            "maxDuration": 10
          }
        }
      }
    },
    {
      "require": "@vercel/node",
      "requirePath": "C:\\Users\\Richardbenedit\\pricedrop-api\\node_modules\\@vercel\\node\\dist\\index",
      "apiVersion": 3,
      "use": "@vercel/node",
      "src": "api/track.js",
      "config": {
        "zeroConfig": true,
        "functions": {
          "api/*.js": {
            "maxDuration": 10
          }
        }
      }
    },
    {
      "require": "@vercel/static",
      "requirePath": "",
      "apiVersion": 2,
      "use": "@vercel/static",
      "src": "!{api/**,package.json,middleware.[jt]s}",
      "config": {
        "zeroConfig": true
      }
    }
  ]
}
