[{"name":"vc.builder","duration":3673690,"timestamp":51540355307,"id":"c1214ce3-dd97-4181-b650-7b3fe6cf384f","parentId":"4dbb0054-e033-4eff-a6c9-6f3c8618d9ea","tags":{"name":"@vercel/node"},"startTime":1757721965483},{"name":"vc.builder.diagnostics","duration":80,"timestamp":51544029126,"id":"ffa61164-2277-4031-a04e-72fef3b89bac","parentId":"c1214ce3-dd97-4181-b650-7b3fe6cf384f","tags":{},"startTime":1757721969157},{"name":"vc.builder","duration":959063,"timestamp":51544032114,"id":"74203197-7dda-488c-9295-368ba71132bf","parentId":"4dbb0054-e033-4eff-a6c9-6f3c8618d9ea","tags":{"name":"@vercel/node"},"startTime":1757721969160},{"name":"vc.builder.diagnostics","duration":17,"timestamp":51544991230,"id":"6ad6f39f-9132-4f10-8a58-38cef3c7aa66","parentId":"74203197-7dda-488c-9295-368ba71132bf","tags":{},"startTime":1757721970119},{"name":"vc.builder.writeBuildResult","duration":1151106,"timestamp":51544029397,"id":"f640da70-1d36-46ef-879a-09cdf739f84f","parentId":"c1214ce3-dd97-4181-b650-7b3fe6cf384f","tags":{"buildOutputLength":"1"},"startTime":1757721969157},{"name":"vc.builder.writeBuildResult","duration":6229824,"timestamp":51544991316,"id":"6923c21c-9a1f-4aa3-8802-011f97114537","parentId":"74203197-7dda-488c-9295-368ba71132bf","tags":{"buildOutputLength":"1"},"startTime":1757721970119},{"name":"vc.builder","duration":8586492,"timestamp":51544994860,"id":"aed820e4-e0e6-4f64-92a5-15948904aff8","parentId":"4dbb0054-e033-4eff-a6c9-6f3c8618d9ea","tags":{"name":"@vercel/node"},"startTime":1757721970122},{"name":"vc.builder.diagnostics","duration":147,"timestamp":51553581441,"id":"b5e02c7d-cc50-4b8d-b26c-c0d173ef1aac","parentId":"aed820e4-e0e6-4f64-92a5-15948904aff8","tags":{},"startTime":1757721978709},{"name":"vc.builder","duration":885790,"timestamp":51553583122,"id":"6fe28064-8d9f-4494-9bac-59cecd3a462d","parentId":"4dbb0054-e033-4eff-a6c9-6f3c8618d9ea","tags":{"name":"@vercel/node"},"startTime":1757721978711},{"name":"vc.builder.diagnostics","duration":38,"timestamp":51554468964,"id":"ce50adfd-3ec6-4139-bd52-8fd37b02de89","parentId":"6fe28064-8d9f-4494-9bac-59cecd3a462d","tags":{},"startTime":1757721979596},{"name":"vc.builder.writeBuildResult","duration":58030,"timestamp":51554469077,"id":"c6e1d08d-c5b2-4b45-8e9e-59813c4a6923","parentId":"6fe28064-8d9f-4494-9bac-59cecd3a462d","tags":{"buildOutputLength":"1"},"startTime":1757721979597},{"name":"vc.builder","duration":764423,"timestamp":51554482650,"id":"7f8b193b-be35-4392-b49a-29928757d8bd","parentId":"4dbb0054-e033-4eff-a6c9-6f3c8618d9ea","tags":{"name":"@vercel/node"},"startTime":1757721979610},{"name":"vc.builder.diagnostics","duration":10,"timestamp":51555247094,"id":"af0765f7-4bc8-43b7-a1cb-db3662608d12","parentId":"7f8b193b-be35-4392-b49a-29928757d8bd","tags":{},"startTime":1757721980375},{"name":"vc.builder.writeBuildResult","duration":4812666,"timestamp":51555247143,"id":"467d1c2a-cddf-440f-94dd-515219ac4590","parentId":"7f8b193b-be35-4392-b49a-29928757d8bd","tags":{"buildOutputLength":"1"},"startTime":1757721980375},{"name":"vc.builder","duration":7629430,"timestamp":51555247883,"id":"08feae40-11cc-4730-836d-e934cccb110c","parentId":"4dbb0054-e033-4eff-a6c9-6f3c8618d9ea","tags":{"name":"@vercel/node"},"startTime":1757721980375},{"name":"vc.builder.diagnostics","duration":10,"timestamp":51562877334,"id":"0923b97b-3d29-4d95-8b04-f314e6332f30","parentId":"08feae40-11cc-4730-836d-e934cccb110c","tags":{},"startTime":1757721988005},{"name":"vc.builder","duration":1807884,"timestamp":51562877840,"id":"d3cb5db1-94e2-4b8f-a11b-13cecc5c8c33","parentId":"4dbb0054-e033-4eff-a6c9-6f3c8618d9ea","tags":{"name":"@vercel/node"},"startTime":1757721988005},{"name":"vc.builder.diagnostics","duration":11,"timestamp":51564685745,"id":"8930eee0-3634-4e8a-8c3c-2d36674c0bde","parentId":"d3cb5db1-94e2-4b8f-a11b-13cecc5c8c33","tags":{},"startTime":1757721989813},{"name":"vc.builder","duration":171700,"timestamp":51564687294,"id":"6c983567-ac8e-42f1-ad02-f4e1338263d3","parentId":"4dbb0054-e033-4eff-a6c9-6f3c8618d9ea","tags":{"name":"@vercel/node"},"startTime":1757721989815},{"name":"vc.builder.diagnostics","duration":8,"timestamp":51564859013,"id":"1e2f805d-84e9-4e86-9340-e91226829c06","parentId":"6c983567-ac8e-42f1-ad02-f4e1338263d3","tags":{},"startTime":1757721989986},{"name":"vc.builder.writeBuildResult","duration":15127,"timestamp":51564859053,"id":"27280edf-234d-4ac6-93df-7fda9cd8ab9a","parentId":"6c983567-ac8e-42f1-ad02-f4e1338263d3","tags":{"buildOutputLength":"1"},"startTime":1757721989987},{"name":"vc.builder.writeBuildResult","duration":226014,"timestamp":51564685881,"id":"2be46a27-a217-4eb9-89d0-41ab766df786","parentId":"d3cb5db1-94e2-4b8f-a11b-13cecc5c8c33","tags":{"buildOutputLength":"1"},"startTime":1757721989813},{"name":"vc.builder","duration":96445,"timestamp":51564859486,"id":"b1e99a5e-e9bc-4785-b013-06c1af39826c","parentId":"4dbb0054-e033-4eff-a6c9-6f3c8618d9ea","tags":{"name":"@vercel/node"},"startTime":1757721989987},{"name":"vc.builder.diagnostics","duration":17,"timestamp":51564955971,"id":"00e000b9-862a-47af-87e5-f814136285c9","parentId":"b1e99a5e-e9bc-4785-b013-06c1af39826c","tags":{},"startTime":1757721990083},{"name":"vc.builder.writeBuildResult","duration":20294,"timestamp":51564956073,"id":"97bbc50b-336e-4b65-bac4-161051928045","parentId":"b1e99a5e-e9bc-4785-b013-06c1af39826c","tags":{"buildOutputLength":"1"},"startTime":1757721990084},{"name":"vc.builder","duration":7989952,"timestamp":51564956757,"id":"3ba68bff-c2f8-41b4-99d3-c34a3b5b5692","parentId":"4dbb0054-e033-4eff-a6c9-6f3c8618d9ea","tags":{"name":"@vercel/node"},"startTime":1757721990084},{"name":"vc.builder.diagnostics","duration":11,"timestamp":51572946733,"id":"8ac89bfc-963d-4b8b-9806-82b9de400ce2","parentId":"3ba68bff-c2f8-41b4-99d3-c34a3b5b5692","tags":{},"startTime":1757721998074},{"name":"vc.builder","duration":6814,"timestamp":51572947324,"id":"71d000fa-2392-485a-b630-ac2e0a26c1d8","parentId":"4dbb0054-e033-4eff-a6c9-6f3c8618d9ea","tags":{"name":"@vercel/static"},"startTime":1757721998075},{"name":"vc.builder.diagnostics","duration":14,"timestamp":51572954171,"id":"3744a69f-6c91-4a11-87a9-6298251fa357","parentId":"71d000fa-2392-485a-b630-ac2e0a26c1d8","tags":{},"startTime":1757721998082},{"name":"vc.builder.writeBuildResult","duration":984529,"timestamp":51572954226,"id":"90cd55d6-fabd-4a7b-a6b4-a743cfc59f02","parentId":"71d000fa-2392-485a-b630-ac2e0a26c1d8","tags":{"buildOutputLength":"1"},"startTime":1757721998082},{"name":"vc.builder.writeBuildResult","duration":20398394,"timestamp":51553581674,"id":"0e27935a-83e4-4ba7-8ce6-be245fafc8b4","parentId":"aed820e4-e0e6-4f64-92a5-15948904aff8","tags":{"buildOutputLength":"1"},"startTime":1757721978709},{"name":"vc.builder.writeBuildResult","duration":11206739,"timestamp":51562877383,"id":"a6d95424-b1cf-447b-8acd-5fa7f850f776","parentId":"08feae40-11cc-4730-836d-e934cccb110c","tags":{"buildOutputLength":"1"},"startTime":1757721988005},{"name":"vc.builder.writeBuildResult","duration":1271228,"timestamp":51572946782,"id":"7addafd3-30a7-4b0c-b8d5-324c46fdae98","parentId":"3ba68bff-c2f8-41b4-99d3-c34a3b5b5692","tags":{"buildOutputLength":"1"},"startTime":1757721998074},{"name":"vc.doBuild","duration":35235428,"timestamp":51539023979,"id":"4dbb0054-e033-4eff-a6c9-6f3c8618d9ea","parentId":"7365110e-4f89-483f-8ecc-03d1423072e8","tags":{},"startTime":1757721964151},{"name":"vc","duration":58697875,"timestamp":51515561547,"id":"7365110e-4f89-483f-8ecc-03d1423072e8","tags":{},"startTime":1757721940689}]